NAME	OFFICE	DOCID
Adams, Hon.. Alma Shealey	NC12	10066961
Aderholt, Hon.. Robert B.	AL04	10067693
Aguilar, Hon.. Pete	CA33	10067524
Alford, Hon.. Mark	MO04	10067381
Allen, Hon.. Richard W.	GA12	10071878
Amata, Hon.. Aumua	AS00	10067610
Amo, Hon.. Gabe F.	RI01	10066976
Amodei, Hon.. Mark E.	NV02	10067998
Arenholz, Hon.. Ashley Hinson	IA02	10066620
Arrington, Hon.. Jodey	TX19	10067582
Auchincloss, Hon.. Jake	MA04	10065692
Babin, Hon.. Brian	TX36	10066194
Bacon, Hon.. Donald J.	NE02	10066793
Baird, Hon.. James R Dr	IN04	10069143
Balderson, Hon.. Troy	OH12	10068064
Balint, Hon.. Rebecca 'Becca'	VT00	10066161
"Barr, Hon.. Garland ""Andy"""	KY06	10066141
Barragan, Hon.. Nanette	CA44	10067907
Bean, Hon.. Aaron P.	FL04	10068387
Beatty, Hon.. Joyce	OH03	10068996
Bentz, Hon.. Cliff	OR02	10067150
Bera, Hon.. Ami	CA06	10071877
Bergman, Hon.. John	MI01	10068849
Beyer, Hon.. Donald Sternoff	VA08	10068176
Bice, Hon.. Stephanie	OK05	10067925
Biggs, Hon.. Andy	AZ05	10066999
Bilirakis, Hon.. Gus M.	FL12	8221132
Bishop, Hon.. Sanford D.	GA02	10067641
Boebert, Hon.. Lauren	CO03	10070343
Bonamici, Hon.. Suzanne	OR01	10067137
Bost, Hon.. Michael	IL12	10068493
Boyle, Hon.. Brendan F.	PA02	10071887
Brecheen, Hon.. Josh	OK02	10066899
Brown, Hon.. M Shontel	OH11	10068844
Brownley, Hon.. Julia	CA26	10066853
Buchanan, Hon.. Vern	FL16	10068803
Budzinski, Hon.. Nikki	IL13	10066604
Burchett, Hon.. Tim	TN02	10067407
Burlison, Hon.. Eric	MO07	10072081
Calvert, Hon.. Ken	CA41	10068324
Cammack, Hon.. Kat	FL03	10072021
Carbajal, Hon.. Salud O.	CA24	10067103
Carey, Hon.. Mike	OH15	10072075
Carson, Hon.. André	IN07	10068233
Carter, Hon.. Earl Leroy	GA01	10066714
Carter, Hon.. John R.	TX31	10067014
Carter, Hon.. Troy A.	LA02	8221133
Casar, Hon.. Greg	TX35	10067213
Case, Hon.. Ed	HI01	10066777
Casten, Hon.. Sean	IL06	10066137
Castor, Hon.. Kathy	FL14	10066133
Castro, Hon.. Joaquin	TX20	9115587
Cherfilus-McCormick, Hon.. Sheila	FL20	9115612
Chu, Hon.. Judy	CA28	10066343
Ciscomani, Hon.. Juan	AZ06	10067485
Clark, Hon.. Katherine M.	MA05	10066244
Clarke, Hon.. Yvette D.	NY09	10069178
Cleaver, Hon.. Emanuel	MO05	10067367
Cline, Hon.. Benjamin Lee	VA06	10068858
Cloud, Hon.. Michael	TX27	10067265
Clyburn, Hon.. James E.	SC06	10066672
Clyde, Hon.. Andrew	GA09	10068925
Cohen, Hon.. Steve	TN09	10067445
Cole, Hon.. Tom	OK04	10067724
Coleman, Hon.. Bonnie Watson	NJ12	8221125
Collins, Hon.. Michael A.	GA10	10070507
Comer, Hon.. James	KY01	10067637
Connolly, Hon.. Gerald E.	VA11	10067247
Correa, Hon.. Lou	CA46	10066488
Costa, Hon.. Jim M.	CA21	10067734
Courtney, Hon.. Joe	CT02	10067873
Craig, Hon.. Angela Dawn	MN02	8221134
Crane, Hon.. Eli	AZ02	10066465
"Crawford, Hon.. Eric A. ""Rick"""	AR01	10067531
Crenshaw, Hon.. Daniel	TX02	10067491
Crockett, Hon.. Jasmine	TX30	10066616
Crow, Hon.. Jason	CO06	10066301
Cuellar, Hon.. Henry	TX28	10067642
Davids, Hon.. Sharice	KS03	10067108
Davidson, Hon.. Warren	OH08	10067467
Davis, Hon.. Danny K.	IL07	10070482
Davis, Hon.. Don	NC01	10071969
De La Cruz, Hon.. Monica	TX15	10067135
DeGette, Hon.. Diana	CO01	10066794
DeLauro, Hon.. Rosa L.	CT03	10067725
Dean, Hon.. Madeleine	PA04	10068302
DelBene, Hon.. Suzan K.	WA01	10066931
Deluzio, Hon.. Christopher	PA17	10065678
DesJarlais, Hon.. Scott	TN04	10072039
Desaulnier, Hon.. Mark	CA10	10067325
Diaz-Balart, Hon.. Mario	FL26	10067368
Diehl, Hon.. Abigdail	MD03	8220216
Dingell, Hon.. Debbie	MI06	10066149
Doggett, Hon.. Lloyd	TX37	10066436
Donalds, Hon.. Byron	FL19	10071583
Dunn, Hon.. Neal Patrick MD, Facs	FL02	10066821
Edwards, Hon.. Chuck	NC11	10066820
Ellzey, Hon.. John Kevin	TX06	10067015
Emmer, Hon.. Thomas Earl	MN06	8221126
Escobar, Hon.. Veronica	TX16	10066007
Espaillat, Hon.. Adriano	NY13	10068247
Estes, Hon.. Ron	KS04	10068013
Evans, Hon.. Dwight	PA03	10068372
Ezell, Hon.. Walter Michael	MS04	10066916
Fallon, Hon.. Patrick	TX04	10067945
Feenstra, Hon.. Randall	IA04	10072123
Finstad, Hon.. Brad	MN01	10068668
Fischbach, Hon.. Michelle	MN07	10068338
Fitzgerald, Hon.. Scott	WI05	10067973
Fitzpatrick, Hon.. Brian	PA01	10067996
"Fleischmann, Hon.. Charles J. ""Chuck"""	TN03	8221130
Fletcher, Hon.. Elizabeth	TX07	10067427
Flood, Hon.. Mike	NE01	10067729
Fong, Hon.. Vince	CA20	10071961
Foster, Hon.. Bill William	IL11	10066184
Foushee, Hon.. Valerie	NC04	10067437
Foxx, Hon.. Virginia	NC05	10067447
Frankel, Hon.. Lois	FL22	10066434
Franklin, Hon.. Scott Scott	FL18	10066628
Frost, Hon.. Maxwell Alejandro	FL10	10068347
Fry, Hon.. Russell	SC07	10067656
Fulcher, Hon.. Russ	ID01	10068143
Garamendi, Hon.. John	CA08	10066795
Garbarino, Hon.. Andrew	NY02	10066789
Garcia, Hon.. Jesus	IL04	10066088
Garcia, Hon.. Robert	CA42	10072028
Garcia, Hon.. Sylvia R.	TX29	10066938
Gimenez, Hon.. Carlos	FL28	10067730
Gluesenkamp Perez, Hon.. Marie	WA03	10067183
Golden, Hon.. Jared	ME02	10066167
Goldman, Hon.. Daniel	NY10	10066119
Gomez, Hon.. Jimmy	CA34	10065973
Gonzales, Hon.. Ernest Anthony Tony	TX23	10071965
Gonzalez, Hon.. Vicente	TX34	9115595
Gooden, Hon.. Lance	TX05	10072145
Gosar, Hon.. Paul A.	AZ09	8221135
Gottheimer, Hon.. Josh	NJ05	10066210
Graves, Hon.. Sam B.	MO06	10068661
Green, Hon.. Al	TX09	10068051
Greene, Hon.. Marjorie Taylor	GA14	10066497
Griffith, Hon.. H. Morgan	VA09	10068911
Grothman, Hon.. Glenn S.	WI06	10067801
Guest, Hon.. Michael Patrick	MS03	9115581
Guthrie, Hon.. Brett	KY02	8221136
Hageman, Hon.. Harriet	WY00	10066903
Harder, Hon.. Josh	CA09	10066696
Harris, Hon.. Andy	MD01	10072027
Harshbarger, Hon.. Diana	TN01	9115594
Hayes, Hon.. Jahana	CT05	10067897
Hern, Hon.. Kevin	OK01	10067143
Higgins, Hon.. Clay Captain	LA03	10066898
Hill, Hon.. James French	AR02	10067037
Himes, Hon.. James A.	CT04	10067525
Horsford, Hon.. Steven A.	NV04	10068146
Houchin, Hon.. Erin	IN09	10066619
Houlahan, Hon.. Chrissy	PA06	10068914
Hoyer, Hon.. Steny H.	MD05	10066888
Hoyle, Hon.. Valerie	OR04	10072205
Hudson, Hon.. Richard	NC09	10070452
Huffman, Hon.. Jared	CA02	10068632
Huizenga, Hon.. Bill	MI04	10071649
Hunt, Hon.. Wesley	TX38	10068518
Issa, Hon.. Darrell E.	CA48	10066267
Ivey, Hon.. Glenn	MD04	10071843
Jackson, Hon.. Jonathan	IL01	10067052
Jackson, Hon.. Ronny Lynn	TX13	10067504
Jacobs, Hon.. Sara	CA51	10066924
James, Hon.. John	MI10	10066154
Jayapal, Hon.. Pramila	WA07	10067187
Jeffries, Hon.. Hakeem S.	NY08	10066511
Johnson, Hon.. Dusty	SD00	10067152
"Johnson, Hon.. Henry C. ""Hank"""	GA04	10068113
Johnson, Hon.. James Michael	LA04	10071620
Jordan, Hon.. James D	OH04	10067361
Joyce, Hon.. David P.	OH14	10068786
Joyce, Hon.. John	PA13	10066594
Kamlager-Dove, Hon.. Sydney	CA37	10067024
Kaptur, Hon.. Marcy	OH09	10067506
Kean, Hon.. Thomas H.	NJ07	10066042
Keating, Hon.. William R.	MA09	10066140
Kelly, Hon.. John Trent	MS01	10067088
Kelly, Hon.. Mike	PA16	10066111
Kelly, Hon.. Robin	IL02	10068385
Kennedy, Hon.. Timothy	NY26	10068878
Khanna, Hon.. Rohit	CA17	9115596
Kiggans, Hon.. Jennifer	VA02	10067550
Kiley, Hon.. Kevin	CA03	10068665
Kim, Hon.. Young	CA40	10067055
Krishnamoorthi, Hon.. S. Raja	IL08	10066035
Kustoff, Hon.. David	TN08	10066003
LaHood, Hon.. Darin McKay	IL16	10068136
LaMalfa, Hon.. Doug	CA01	10067870
Lalota, Hon.. Nicholas Joseph	NY01	10069103
Landsman, Hon.. Greg	OH01	10066018
Langworthy, Hon.. Nick	NY23	10068912
Larsen, Hon.. Rick	WA02	10066875
Larson, Hon.. John B.	CT01	10067089
Latta, Hon.. Robert E.	OH05	10066043
Lawler, Hon.. Michael Vincent	NY17	10068441
Lee, Hon.. Laurel	FL15	10070530
Lee, Hon.. Summer	PA12	10070498
Lee, Hon.. Susie	NV03	10066152
Leger Fernandez, Hon.. Teresa	NM03	10066929
Letlow, Hon.. Julia	LA05	10068504
Levin, Hon.. Mike	CA49	10066874
Lieu, Hon.. Ted	CA36	10068523
Lofgren, Hon.. Zoe	CA18	10066636
Loudermilk, Hon.. Barry	GA11	10068474
Lucas, Hon.. Frank D.	OK03	10067226
Luttrell, Hon.. Morgan Joe	TX08	10066251
Lynch, Hon.. Stephen F.	MA08	10066502
Mace, Hon.. Nancy	SC01	10068976
Magaziner, Hon.. Seth	RI02	10066344
Malliotakis, Hon.. Nicole	NY11	10068082
Maloy, Hon.. Celeste	UT02	10069198
Mann, Hon.. Tracey Robert	KS01	10066079
Massie, Hon.. Thomas	KY04	10067557
Mast, Hon.. Brian	FL21	10068357
Matsui, Hon.. Doris O.	CA07	8221137
McBath, Hon.. Lucia Kay Ms	GA07	10067071
McCaul, Hon.. Michael T.	TX10	9115586
McClain, Hon.. Lisa	MI09	10068828
McClellan, Hon.. Jennifer	VA04	10067739
McClintock, Hon.. Tom	CA05	10066549
McCollum, Hon.. Betty L.	MN04	10066584
McCormick, Hon.. Richard Dean Dr	GA06	10067148
McGarvey, Hon.. Morgan	KY03	10066788
McGovern, Hon.. James P.	MA02	10068384
McIver, Hon.. Lamonica	NJ10	10067336
Meeks, Hon.. Gregory W.	NY05	10068784
Menendez, Hon.. Robert J.	NJ08	10070454
Meng, Hon.. Grace	NY06	10067279
Meuser, Hon.. Daniel	PA09	10067161
Mfume, Hon.. Kweisi	MD07	10069174
Miller, Hon.. Carol Devine	WV01	10069124
Miller, Hon.. Mary	IL15	10067030
Miller, Hon.. Max	OH07	10066804
Miller-Meeks, Hon.. Mariannette Jane	IA01	10067915
Mills, Hon.. Cory	FL07	10068479
Moolenaar, Hon.. John Mr	MI02	10067758
Moore, Hon.. Blake	UT01	10066531
Moore, Hon.. Felix Barry	AL01	10067082
Moore, Hon.. Gwen	WI04	8221127
Moran, Hon.. Nathaniel Quentin	TX01	10068118
Morelle, Hon.. Joseph D.	NY25	10068699
Moskowitz, Hon.. Jared	FL23	10072022
Moulton, Hon.. Seth	MA06	10067208
Moylan, Hon.. James C.	GU00	10067123
Mrvan, Hon.. Frank J.	IN01	10068679
Mullin, Hon.. Kevin	CA15	10068343
Murphy, Hon.. Greg Francis	NC03	10067151
Nadler, Hon.. Jerrold	NY12	8221138
Neal, Hon.. Richard E.	MA01	10067619
Neguse, Hon.. Joseph	CO02	10067275
Nehls, Hon.. Troy	TX22	10072372
Newhouse, Hon.. Dan	WA04	10067441
Norcross, Hon.. Donald W.	NJ01	10071989
Norman, Hon.. Ralph W.	SC05	10066819
Norton, Hon.. Eleanor Holmes	DC00	10066887
Nunn, Hon.. Zach	IA03	10065704
Obernolte, Hon.. Jay	CA23	10066012
Ocasio-Cortez, Hon.. Alexandria	NY14	10066093
Ogles, Hon.. Andy	TN05	10068701
Omar, Hon.. Ilhan	MN05	10068415
Owens, Hon.. Burgess	UT04	10066484
Pallone, Hon.. Frank	NJ06	10066248
Palmer, Hon.. Gary	AL06	10066690
Panetta, Hon.. Jimmy	CA19	10066174
Pappas, Hon.. Chris	NH01	10068162
Paulina Luna, Hon.. Anna	FL13	10068787
Pelosi, Hon.. Nancy	CA11	10066169
Perry, Hon.. Scott	PA10	10068827
Peters, Hon.. Scott H.	CA50	10067117
Pettersen, Hon.. Brittany Louise	CO07	10066108
Pfluger, Hon.. August Lee	TX11	10066262
Pingree, Hon.. Chellie	ME01	10066930
Plaskett, Hon.. Stacey	VI00	10069175
Pocan, Hon.. Mark	WI02	10066960
Pressley, Hon.. Ayanna	MA07	10067354
Quigley, Hon.. Mike	IL05	8221140
Ramirez, Hon.. Delia	IL03	10066100
Raskin, Hon.. Jamie	MD08	10068086
Reschenthaler, Hon.. Guy Mr	PA14	10065963
Rogers, Hon.. Harold Dallas	KY05	9115593
Rogers, Hon.. Mike	AL03	8221131
Rose, Hon.. John W.	TN06	10067959
Ross, Hon.. Deborah	NC02	10067035
Rouzer, Hon.. David	NC07	10068240
Roy, Hon.. Chip	TX21	10068654
Ruiz, Hon.. Raul	CA25	10070301
Rulli, Hon.. Michael	OH06	10068716
Rutherford, Hon.. John	FL05	10066540
Ryan, Hon.. Patrick	NY18	10067905
Salazar, Hon.. Maria Elvira	FL27	10066968
Salinas, Hon.. Andrea	OR06	10068312
Sanchez, Hon.. Linda T.	CA38	10069010
Scalise, Hon.. Steve	LA01	10067107
Scanlon, Hon.. Mary Gay	PA05	10067401
Schakowsky, Hon.. Janice D.	IL09	10067235
Schneider, Hon.. Bradley S.	IL10	10065705
Scholten, Hon.. Hillary	MI03	10066092
Schrier, Hon.. Kim Dr	WA08	10066345
Schweikert, Hon.. David	AZ01	10068131
Scott, Hon.. Austin	GA08	10068497
Scott, Hon.. David	GA13	10066567
"Scott, Hon.. Robert C. ""Bobby"""	VA03	10068065
Self, Hon.. Keith Alan	TX03	8221149
Sessions, Hon.. Pete	TX17	10068144
Sewell, Hon.. Terri A.	AL07	10068080
Sherman, Hon.. Brad	CA32	8221129
Sherrill, Hon.. Mikie	NJ11	10067322
Simpson, Hon.. Michael K.	ID02	10068482
Smith, Hon.. Adam	WA09	10066320
Smith, Hon.. Adrian	NE03	10067347
Smith, Hon.. Christopher H.	NJ04	10069050
Smith, Hon.. Jason T.	MO08	10068122
Smucker, Hon.. Lloyd K.	PA11	10067727
Sorensen, Hon.. Eric	IL17	10068253
Soto, Hon.. Darren	FL09	10067814
Spartz, Hon.. Victoria	IN05	10069033
Stansbury, Hon.. Melanie	NM01	10068255
Stanton, Hon.. Greg	AZ04	10070403
Stauber, Hon.. Peter Allen	MN08	10068406
Stefanik, Hon.. Elise M.	NY21	9115582
Steil, Hon.. Bryan George	WI01	10066871
Steube, Hon.. Greg	FL17	10065961
Stevens, Hon.. Haley	MI11	10067296
Strickland, Hon.. Marilyn	WA10	10068257
Strong, Hon.. Dale Whitney	AL05	10065891
Suozzi, Hon.. Thomas	NY03	10067516
Swalwell, Hon.. Eric	CA14	10066827
Sykes, Hon.. Emilia	OH13	10067735
Takano, Hon.. Mark	CA39	10066773
Tenney, Hon.. Claudia	NY24	10068134
Thanedar, Hon.. Shri	MI13	10065892
Thompson, Hon.. Bennie G.	MS02	10068669
Thompson, Hon.. Glenn	PA15	10067723
Thompson, Hon.. Mike	CA04	8221141
Tiffany, Hon.. Tom	WI07	10070363
Timmons, Hon.. William R.	SC04	10067714
Titus, Hon.. Dina	NV01	9115617
Tlaib, Hon.. Rashida	MI12	10065877
Tokuda, Hon.. Jill Naomi	HI02	10067086
Tonko, Hon.. Paul	NY20	10066425
Torres, Hon.. Norma	CA35	10065948
Torres, Hon.. Ritchie John	NY15	10069158
Trahan, Hon.. Lori	MA03	10067124
Turner, Hon.. Michael R.	OH10	10066268
Underwood, Hon.. Lauren	IL14	10066450
Valadao, Hon.. David G.	CA22	10067886
Van Drew, Hon.. Jeff Mr	NJ02	8221142
Van Duyne, Hon.. Elizabeth Ann	TX24	10072107
Van Orden, Hon.. Derrick F Mr	WI03	10067509
Vargas, Hon.. Juan	CA52	10067866
Vasquez, Hon.. Gabriel	NM02	10067133
Veasey, Hon.. Marc A.	TX33	10066347
Velázquez, Hon.. Nydia M.	NY07	10066479
Wagner, Hon.. Ann	MO02	10066516
Walberg, Hon.. Tim	MI05	10066050
Wasserman Schultz, Hon.. Debbie	FL25	10067328
Waters, Hon.. Maxine	CA43	10068869
Weber, Hon.. Randy K.	TX14	10071770
Webster, Hon.. Daniel	FL11	10066385
Westerman, Hon.. Bruce	AR04	10066175
Williams, Hon.. Nikema N.	GA05	10067344
Williams, Hon.. Roger	TX25	10067032
Wilson, Hon.. Frederica S.	FL24	10068913
Wilson, Hon.. Joe	SC02	10067157
Wittman, Hon.. Robert J.	VA01	10066849
Womack, Hon.. Steve	AR03	10068087
Yakym, Hon.. Rudy C.	IN02	10066284
Zinke, Hon.. Ryan K.	MT01	10069229
